id;user_id;login;phone;email;first_name;middle_name;last_name;opt_activation_key;activation_key;alias;email_notifications;sms_notifications;photo;photo_content_type;lang
1;61714;Macao microchip Manager;731-128-9888;Loraine_Connelly26@yahoo.com;Justus;SCSI Savings Account;Jones;Hryvnia Mouse User-centric;Cambridgeshire Cambridgeshire;Books morph;true;true;../fake-data/blob/hipster.png;image/png;relationships Legacy
2;78531;parse copying;(281) 573-0927 ;Lillian.Hilpert89@gmail.com;Magnolia;Bacon;Gulgowski;Tasty Soft Table magnetic;time-frame;next-generation;true;true;../fake-data/blob/hipster.png;image/png;Awesome District
3;77920;Investment Account;538.377.5733;Leila.Hilll56@hotmail.com;Ransom;alarm Global;Gaylord;Practical Cotton Table Soap;Orchard;brand array Intelligent;true;false;../fake-data/blob/hipster.png;image/png;bi-directional
4;37616;user-centric synthesize Row;476-857-0410 x5;Asha.Kreiger33@yahoo.com;Elza;Mississippi Applications Bike;O'Reilly;copy;Michigan Visionary Fully-configurable;Monitored;true;true;../fake-data/blob/hipster.png;image/png;Principal Practical CSS
5;3790;Towels Andorra Assistant;781.688.6959 x3;Pietro.Hyatt58@hotmail.com;Alene;connect;Torphy;Auto Loan Account;connecting Awesome Cotton Car;Rand Namibia Dollar standardization RAM;false;true;../fake-data/blob/hipster.png;image/png;indexing Hills Walks
6;74932;green;(091) 588-4660 ;Trisha.Sporer@yahoo.com;Carlee;JSON;Bauch;Qatar;reciprocal Implementation;Borders Slovenia Legacy;true;true;../fake-data/blob/hipster.png;image/png;collaboration payment eyeballs
7;52689;virtual Texas bypassing;389.864.7471;Deon32@yahoo.com;Greyson;Awesome Steel Sausages 24/7;Gottlieb;backing up;Meadows index Coves;Implementation;false;false;../fake-data/blob/hipster.png;image/png;Planner Gorgeous
8;75246;Washington;1-870-440-2010;Adolf_Purdy95@hotmail.com;Jacquelyn;CSS Bolivar Fuerte;Brakus;Prairie HDD;Shirt bus Jewelery;user-centric TCP technologies;true;true;../fake-data/blob/hipster.png;image/png;Chief Direct virtual
9;20753;SDD navigate New Hampshire;(151) 773-8542;Casper_Jacobi@hotmail.com;Raleigh;Chicken;Predovic;Steel payment;calculate online asymmetric;Connecticut mobile Communications;true;true;../fake-data/blob/hipster.png;image/png;Assistant Programmable copy
10;64632;circuit;1-540-037-0367;Gennaro92@hotmail.com;Jamison;Fresh;Hessel;Lead Point utilisation;red;payment Solutions;false;false;../fake-data/blob/hipster.png;image/png;Small Small e-commerce
